ID,COMPANY,PRODUCTION,DETAIL
1,泰康养老保险股份有限公司,泰康金理财养老保障委托管理产品,http://www.iachina.cn/IC/tkk/01/0ad16c1c-c548-4691-81e3-dd34c9db4b86.html
2,太平养老保险股份有限公司,太平金世信福养老保障管理产品,http://www.iachina.cn/IC/tkk/01/abf49565-6a46-4095-9bff-8ddf4cc5daa8.html
3,太平养老保险股份有限公司,太平金世养老保障管理产品,http://www.iachina.cn/IC/tkk/01/06cca2df-5689-4b5b-ad05-4d3b9023009b.html
4,太平养老保险股份有限公司,太平金世久久养老保障管理产品,http://www.iachina.cn/IC/tkk/01/05acbcf0-6f50-4f7f-85ed-68deeb3798cd.html
5,太平养老保险股份有限公司,太平农行金世智达养老保障管理产品,http://www.iachina.cn/IC/tkk/01/d1b5bfb3-8f17-40f8-af6a-9062b84a9bab.html
6,中国人寿养老保险股份有限公司,国寿福寿鑫瑞团体养老保障管理产品,http://www.iachina.cn/IC/tkk/01/24204288-2660-4ca9-bc92-cafdcdfcc00a.html
7,中国人寿养老保险股份有限公司,国寿福寿嘉年养老保障管理产品报备材料,http://www.iachina.cn/IC/tkk/01/72c08549-5f8b-431b-b55f-73aae07db229.html
8,中国人寿养老保险股份有限公司,国寿福寿丰年养老保障管理产品,http://www.iachina.cn/IC/tkk/01/5f9caa50-5467-46f9-a931-97bdfa69e70f.html
9,中国人寿养老保险股份有限公司,国寿福寿广源养老保障管理产品,http://www.iachina.cn/IC/tkk/01/24d717dc-c57a-4602-8b87-7a2db159cd19.html
10,中国人寿养老保险股份有限公司,国寿福盈今生个人养老保障管理产品,http://www.iachina.cn/IC/tkk/01/1c71c4d6-8a2e-42a1-b945-e08faa661d67.html
11,中国人寿养老保险股份有限公司,国寿福寿延年养老保障管理产品,http://www.iachina.cn/IC/tkk/01/14aea110-8253-450e-8dd0-2b494450c129.html
12,中国人寿养老保险股份有限公司,国寿丰盈久久养老保障管理产品,http://www.iachina.cn/IC/tkk/01/7ad6c10c-2431-4599-bfb7-295217a2f34a.html
13,安邦养老保险股份有限公司,安邦养老养生6号个人养老保障管理产品,http://www.iachina.cn/IC/tkk/01/ac97bf3c-6c87-429f-81e3-82e0725ce2dc.html
14,中国人民养老保险有限责任公司,人保养老宏裕集合型团体养老保障管理产品,http://www.iachina.cn/IC/tkk/01/a96b478d-e817-4ddb-becf-6e04074d8cc2.html
15,泰康养老保险股份有限公司,泰康永泰养老保障管理产品,http://www.iachina.cn/IC/tkk/01/f5e9fbac-964f-4c35-84c1-368ebea19cbb.html
16,泰康养老保险股份有限公司,泰康金色瑞泰养老保障管理产品,http://www.iachina.cn/IC/tkk/01/ea46a281-0244-478f-8eb6-6f8b50beaffc.html
17,泰康养老保险股份有限公司,泰康汇选民泰养老保障管理产品,http://www.iachina.cn/IC/tkk/01/e35b6261-a57d-44bc-91d7-d0169c6dcab8.html
18,泰康养老保险股份有限公司,泰康汇选信泰养老保障管理产品,http://www.iachina.cn/IC/tkk/01/ce2dc5aa-8b79-4aa2-831a-c82ad80037ce.html
19,泰康养老保险股份有限公司,泰康智选永泰集合型团体养老保障管理产品,http://www.iachina.cn/IC/tkk/01/c3b4089d-5711-4437-be3f-849d0ac1c56b.html
20,泰康养老保险股份有限公司,泰康汇选乐泰养老保障管理产品,http://www.iachina.cn/IC/tkk/01/c19e957b-8b60-463a-9ce0-0fe902a386ed.html
21,泰康养老保险股份有限公司,泰康汇选永泰养老保障管理产品,http://www.iachina.cn/IC/tkk/01/ae20713d-6777-497d-a9c4-3aaf315363f5.html
22,泰康养老保险股份有限公司,泰康智选汇盈C款养老保障管理产品,http://www.iachina.cn/IC/tkk/01/588d4d55-c194-4226-8c9e-cbcf9433af92.html
23,泰康养老保险股份有限公司,泰康汇选瑞泰养老保障管理产品,http://www.iachina.cn/IC/tkk/01/5635fab3-2dd1-44fa-9ab8-cabb3ff3194b.html
24,泰康养老保险股份有限公司,泰康汇选鸿泰养老保障管理产品,http://www.iachina.cn/IC/tkk/01/3ab66d95-4fc3-4628-9df4-d243ff718da4.html
25,泰康养老保险股份有限公司,泰康智选汇盈B款养老保障管理产品,http://www.iachina.cn/IC/tkk/01/234e0dcb-226f-419a-9a8c-c5cb4aa4382e.html
26,泰康养老保险股份有限公司,泰康智选乐泰集合型团体养老保障管理产品,http://www.iachina.cn/IC/tkk/01/1fe63254-b351-42d2-9530-f6cec60234ae.html
27,泰康养老保险股份有限公司,泰康汇选通泰养老保障管理产品,http://www.iachina.cn/IC/tkk/01/1e1bf3a0-0c24-479a-83c8-42ceb377bd7a.html
28,泰康养老保险股份有限公司,泰康汇选恒泰养老保障管理产品,http://www.iachina.cn/IC/tkk/01/0491c4f2-9fdd-4f4c-b12d-ccc444e4af3f.html
29,长江养老保险股份有限公司,长江尊享人生个人养老保障管理产品,http://www.iachina.cn/IC/tkk/01/74939188-cea3-455a-ba9a-4aa8aff2d47b.html
30,长江养老保险股份有限公司,长江安享人生个人养老保障管理产品,http://www.iachina.cn/IC/tkk/01/f6160743-49ca-4aa4-a284-e44dd67de6dc.html
31,长江养老保险股份有限公司,长江盛世华章集合型团体养老保障管理产品,http://www.iachina.cn/IC/tkk/01/f2e9a45d-edb3-461f-83c1-dcaaed7d93e9.html
32,长江养老保险股份有限公司,长江薪酬延付集合型团体养老保障管理产品,http://www.iachina.cn/IC/tkk/01/b48d38d4-1fbc-405f-8a8a-57b28a7422b1.html
33,长江养老保险股份有限公司,长江盛世华章养老保障委托管理产品,http://www.iachina.cn/IC/tkk/01/95358bfd-a0b6-4602-b2ce-68002176d031.html
34,长江养老保险股份有限公司,长江盛世天伦个人养老保障管理产品,http://www.iachina.cn/IC/tkk/01/78688726-7df7-47cb-85d8-08dfca20a40b.html
35,长江养老保险股份有限公司,长江安享天伦个人养老保障管理产品,http://www.iachina.cn/IC/tkk/01/6aa916f4-016a-40f3-badb-4e47690fcf67.html
36,长江养老保险股份有限公司,长江养老企业员工持股专项集合型团体养老保障管理产品,http://www.iachina.cn/IC/tkk/01/3561ee4e-bb73-447f-a511-fd54c37a5598.html
37,长江养老保险股份有限公司,长江怡享天伦个人养老保障管理产品,http://www.iachina.cn/IC/tkk/01/2cc3d807-36db-4288-bc77-b9262beadfa0.html
38,长江养老保险股份有限公司,长江薪酬延付养老保障管理产品,http://www.iachina.cn/IC/tkk/01/2235ed2f-e0f9-4fa8-b3c2-d5d81b89a8a8.html
39,长江养老保险股份有限公司,长江养老企业员工持股计划专项养老保障管理产品,http://www.iachina.cn/IC/tkk/01/13a192eb-caa3-4db5-b309-f99f194c8f17.html
40,长江养老保险股份有限公司,长江君享金鑫个人养老保障管理产品,http://www.iachina.cn/IC/tkk/01/01f78268-9012-4e94-9d46-6a919d087bc8.html
41,安邦养老保险股份有限公司,安邦养老养生1号集合型团体养老保障管理产品,http://www.iachina.cn/IC/tkk/01/9c9e588c-b164-4526-bf70-41a0b45b2f3f.html
42,安邦养老保险股份有限公司,安邦养老养生2号集合型团体养老保障管理产品,http://www.iachina.cn/IC/tkk/01/2650d6d9-a636-474a-a69a-f4652af16c15.html
